{"lr": 0.009998886215193948, "data_time": 0.013619820276896158, "loss": 0.15147417287031809, "decode.loss_ce": 0.10797807077566783, "decode.acc_seg": 22.3358154296875, "aux.loss_ce": 0.043496098990241684, "aux.acc_seg": 32.6568603515625, "time": 2.7793952226638794, "iter": 6, "memory": 11482, "step": 6}
{"lr": 0.00997794446709763, "data_time": 0.14039647579193115, "loss": 0.071218915656209, "decode.loss_ce": 0.04879637248814106, "decode.acc_seg": 69.05517578125, "aux.loss_ce": 0.02242254288867116, "aux.acc_seg": 68.76220703125, "time": 0.3545800447463989, "iter": 100, "memory": 3346, "step": 100}
{"lr": 0.009955660594668054, "data_time": 0.05293099880218506, "loss": 0.06964696608483792, "decode.loss_ce": 0.0474338099360466, "decode.acc_seg": 77.9937744140625, "aux.loss_ce": 0.02221315735951066, "aux.acc_seg": 79.2755126953125, "time": 0.2496933937072754, "iter": 200, "memory": 3346, "step": 200}
{"lr": 0.009933371122565919, "data_time": 0.03818666934967041, "loss": 0.05550608299672603, "decode.loss_ce": 0.03833004515618086, "decode.acc_seg": 73.406982421875, "aux.loss_ce": 0.017176036816090347, "aux.acc_seg": 76.617431640625, "time": 0.2382969856262207, "iter": 300, "memory": 3346, "step": 300}
{"lr": 0.009911076035273796, "data_time": 0.06000034809112549, "loss": 0.06967005804181099, "decode.loss_ce": 0.05062486082315445, "decode.acc_seg": 67.279052734375, "aux.loss_ce": 0.019045196939259768, "aux.acc_seg": 74.407958984375, "time": 0.2622203350067139, "iter": 400, "memory": 3346, "step": 400}
{"aAcc": 62.21, "mIoU": 14.54, "mAcc": 21.08, "data_time": 0.054212418469515716, "time": 1.7848994731903076, "step": 400}
{"lr": 0.0098887753171919, "data_time": 0.022290587425231934, "loss": 0.05606034994125366, "decode.loss_ce": 0.03948323577642441, "decode.acc_seg": 77.630615234375, "aux.loss_ce": 0.016577113326638936, "aux.acc_seg": 71.1944580078125, "time": 0.22403237819671631, "iter": 500, "memory": 10063, "step": 500}
{"lr": 0.009866468952637547, "data_time": 0.13651087284088134, "loss": 0.05453431755304337, "decode.loss_ce": 0.03872758839279413, "decode.acc_seg": 79.443359375, "aux.loss_ce": 0.015806729812175034, "aux.acc_seg": 81.195068359375, "time": 0.35775051116943357, "iter": 600, "memory": 3368, "step": 600}
{"lr": 0.009844156925844432, "data_time": 0.07748808860778808, "loss": 0.045891845040023325, "decode.loss_ce": 0.032060859352350236, "decode.acc_seg": 72.564697265625, "aux.loss_ce": 0.013830986060202121, "aux.acc_seg": 75.4486083984375, "time": 0.28085029125213623, "iter": 700, "memory": 3346, "step": 700}
{"lr": 0.009821839220962003, "data_time": 0.051604723930358885, "loss": 0.04189034719020128, "decode.loss_ce": 0.029328792169690133, "decode.acc_seg": 75.543212890625, "aux.loss_ce": 0.01256155427545309, "aux.acc_seg": 75.9552001953125, "time": 0.24914405345916749, "iter": 800, "memory": 3368, "step": 800}
{"aAcc": 83.16, "mIoU": 38.94, "mAcc": 45.0, "data_time": 0.02481287717819214, "time": 0.16332308451334634, "step": 800}
{"lr": 0.009799515822054777, "data_time": 0.06747446060180665, "loss": 0.04027381148189306, "decode.loss_ce": 0.027724826522171498, "decode.acc_seg": 89.9627685546875, "aux.loss_ce": 0.012548985052853822, "aux.acc_seg": 89.6820068359375, "time": 0.26670706272125244, "iter": 900, "memory": 3368, "step": 900}
{"lr": 0.00977718671310168, "data_time": 0.05562965869903565, "loss": 0.0458258431404829, "decode.loss_ce": 0.03220559917390346, "decode.acc_seg": 75.677490234375, "aux.loss_ce": 0.01362024350091815, "aux.acc_seg": 72.0916748046875, "time": 0.2546140193939209, "iter": 1000, "memory": 3368, "step": 1000}
{"lr": 0.009754851877995354, "data_time": 0.17551977634429933, "loss": 0.04018633347004652, "decode.loss_ce": 0.02831164225935936, "decode.acc_seg": 88.8519287109375, "aux.loss_ce": 0.01187469121068716, "aux.acc_seg": 88.5223388671875, "time": 0.4013253450393677, "iter": 1100, "memory": 3346, "step": 1100}
{"lr": 0.009732511300541468, "data_time": 0.04514012336730957, "loss": 0.045896883308887484, "decode.loss_ce": 0.03212154693901539, "decode.acc_seg": 84.3963623046875, "aux.loss_ce": 0.01377533720806241, "aux.acc_seg": 84.9151611328125, "time": 0.2542398691177368, "iter": 1200, "memory": 3346, "step": 1200}
{"aAcc": 82.32, "mIoU": 41.25, "mAcc": 46.22, "data_time": 0.042168895403544106, "time": 0.18762300411860147, "step": 1200}
{"lr": 0.009710164964458045, "data_time": 0.04466674327850342, "loss": 0.044473972916603086, "decode.loss_ce": 0.03194505833089352, "decode.acc_seg": 86.724853515625, "aux.loss_ce": 0.012528914399445057, "aux.acc_seg": 88.4307861328125, "time": 0.24621191024780273, "iter": 1300, "memory": 3346, "step": 1300}
{"lr": 0.009687812853374727, "data_time": 0.07549812793731689, "loss": 0.04767641015350819, "decode.loss_ce": 0.03430501613765955, "decode.acc_seg": 96.2921142578125, "aux.loss_ce": 0.013371394528076053, "aux.acc_seg": 97.4761962890625, "time": 0.27120556831359866, "iter": 1400, "memory": 3346, "step": 1400}
{"lr": 0.009665454950832103, "data_time": 0.10618793964385986, "loss": 0.04864135272800922, "decode.loss_ce": 0.03433094182983041, "decode.acc_seg": 83.87451171875, "aux.loss_ce": 0.014310411317273975, "aux.acc_seg": 83.5205078125, "time": 0.3093514680862427, "iter": 1500, "memory": 3346, "step": 1500}
{"lr": 0.009643091240280942, "data_time": 0.12301363945007324, "loss": 0.043410664051771165, "decode.loss_ce": 0.03028286639600992, "decode.acc_seg": 79.583740234375, "aux.loss_ce": 0.013127798028290272, "aux.acc_seg": 78.759765625, "time": 0.33030014038085936, "iter": 1600, "memory": 3346, "step": 1600}
{"aAcc": 83.99, "mIoU": 42.27, "mAcc": 52.05, "data_time": 0.020455737908681233, "time": 0.15403529008229574, "step": 1600}
{"lr": 0.009620721705081534, "data_time": 0.14418351650238037, "loss": 0.047361836023628714, "decode.loss_ce": 0.033730536513030526, "decode.acc_seg": 81.0882568359375, "aux.loss_ce": 0.013631299324333667, "aux.acc_seg": 82.3883056640625, "time": 0.3648009061813354, "iter": 1700, "memory": 3346, "step": 1700}
{"lr": 0.009598346328502901, "data_time": 0.08543939590454101, "loss": 0.04050957411527634, "decode.loss_ce": 0.028260359074920416, "decode.acc_seg": 84.136962890625, "aux.loss_ce": 0.01224921508692205, "aux.acc_seg": 84.5458984375, "time": 0.2912283897399902, "iter": 1800, "memory": 3346, "step": 1800}
{"lr": 0.009575965093722064, "data_time": 0.07758650779724122, "loss": 0.030625286512076855, "decode.loss_ce": 0.02160196965560317, "decode.acc_seg": 90.8355712890625, "aux.loss_ce": 0.009023316903039813, "aux.acc_seg": 88.653564453125, "time": 0.27263925075531004, "iter": 1900, "memory": 3346, "step": 1900}
{"lr": 0.009553577983823325, "data_time": 0.055687546730041504, "loss": 0.031387018226087096, "decode.loss_ce": 0.021793742757290603, "decode.acc_seg": 93.0511474609375, "aux.loss_ce": 0.00959327514283359, "aux.acc_seg": 91.5191650390625, "time": 0.25434699058532717, "iter": 2000, "memory": 3346, "step": 2000}
{"aAcc": 88.57, "mIoU": 51.08, "mAcc": 56.61, "data_time": 0.02243340015411377, "time": 0.1564035415649414, "step": 2000}
{"lr": 0.0095311849817975, "data_time": 0.037524986267089847, "loss": 0.036984477937221524, "decode.loss_ce": 0.025710595585405827, "decode.acc_seg": 88.433837890625, "aux.loss_ce": 0.01127388197928667, "aux.acc_seg": 88.92822265625, "time": 0.23443799018859862, "iter": 2100, "memory": 3368, "step": 2100}
{"lr": 0.009508786070541123, "data_time": 0.2144383668899536, "loss": 0.04001248572021723, "decode.loss_ce": 0.028300971537828446, "decode.acc_seg": 93.3746337890625, "aux.loss_ce": 0.011711514182388782, "aux.acc_seg": 90.191650390625, "time": 0.4324856519699097, "iter": 2200, "memory": 3346, "step": 2200}
{"lr": 0.009486381232855704, "data_time": 0.08259897232055664, "loss": 0.0388264698907733, "decode.loss_ce": 0.02717768857255578, "decode.acc_seg": 88.75732421875, "aux.loss_ce": 0.011648781038820744, "aux.acc_seg": 88.0279541015625, "time": 0.2851686954498291, "iter": 2300, "memory": 3346,